# train_loss,train_accuracy
7.808325886726379395e-01,5.799999833106994629e-01
8.313370347023010254e-01,5.000000000000000000e-01
8.203508853912353516e-01,4.799999892711639404e-01
7.522360682487487793e-01,5.600000023841857910e-01
8.227810859680175781e-01,4.000000059604644775e-01
7.541208863258361816e-01,5.199999809265136719e-01
7.270645499229431152e-01,6.000000238418579102e-01
7.666764855384826660e-01,4.199999868869781494e-01
7.336576581001281738e-01,5.400000214576721191e-01
7.584096789360046387e-01,4.199999868869781494e-01
7.320108413696289062e-01,5.799999833106994629e-01
7.439230680465698242e-01,5.000000000000000000e-01
7.342514395713806152e-01,6.200000047683715820e-01
7.328541278839111328e-01,6.200000047683715820e-01
7.239195108413696289e-01,6.600000262260437012e-01
7.305203676223754883e-01,5.600000023841857910e-01
7.626720070838928223e-01,4.000000059604644775e-01
7.368506193161010742e-01,5.400000214576721191e-01
7.242474555969238281e-01,5.000000000000000000e-01
7.422084808349609375e-01,4.600000083446502686e-01
7.195149064064025879e-01,6.000000238418579102e-01
7.563971877098083496e-01,4.399999976158142090e-01
7.595784068107604980e-01,4.399999976158142090e-01
7.148799896240234375e-01,5.400000214576721191e-01
7.304264903068542480e-01,4.199999868869781494e-01
7.174872159957885742e-01,6.800000071525573730e-01
7.425873875617980957e-01,4.799999892711639404e-01
7.513142824172973633e-01,5.000000000000000000e-01
7.242758274078369141e-01,6.000000238418579102e-01
7.166959047317504883e-01,6.800000071525573730e-01
7.238680720329284668e-01,6.399999856948852539e-01
7.319788932800292969e-01,4.600000083446502686e-01
7.409803867340087891e-01,5.199999809265136719e-01
7.330737709999084473e-01,5.400000214576721191e-01
7.193830013275146484e-01,6.800000071525573730e-01
7.165672183036804199e-01,6.399999856948852539e-01
7.367396354675292969e-01,5.199999809265136719e-01
7.294002175331115723e-01,5.400000214576721191e-01
7.360505461692810059e-01,5.400000214576721191e-01
7.206878662109375000e-01,6.399999856948852539e-01
7.055391669273376465e-01,6.800000071525573730e-01
7.217503190040588379e-01,6.000000238418579102e-01
7.428667545318603516e-01,4.399999976158142090e-01
7.379291057586669922e-01,5.400000214576721191e-01
7.187491655349731445e-01,6.399999856948852539e-01
6.996928453445434570e-01,7.599999904632568359e-01
7.221518754959106445e-01,5.600000023841857910e-01
7.301048040390014648e-01,4.799999892711639404e-01
7.418473362922668457e-01,5.000000000000000000e-01
7.339448928833007812e-01,5.400000214576721191e-01
6.990059018135070801e-01,6.399999856948852539e-01
7.079542875289916992e-01,6.399999856948852539e-01
7.382708191871643066e-01,5.000000000000000000e-01
7.241361141204833984e-01,5.600000023841857910e-01
7.353072166442871094e-01,5.400000214576721191e-01
7.107131481170654297e-01,5.799999833106994629e-01
6.929099559783935547e-01,6.800000071525573730e-01
7.169700860977172852e-01,6.000000238418579102e-01
7.380828857421875000e-01,4.600000083446502686e-01
7.371392250061035156e-01,5.199999809265136719e-01
7.095082402229309082e-01,6.399999856948852539e-01
6.879321336746215820e-01,7.200000286102294922e-01
7.176809310913085938e-01,5.600000023841857910e-01
7.299115061759948730e-01,5.199999809265136719e-01
7.353664636611938477e-01,5.000000000000000000e-01
7.300289869308471680e-01,5.400000214576721191e-01
6.935874223709106445e-01,6.600000262260437012e-01
6.940716505050659180e-01,6.800000071525573730e-01
7.390902638435363770e-01,5.199999809265136719e-01
7.172354459762573242e-01,5.600000023841857910e-01
7.272406220436096191e-01,5.400000214576721191e-01
6.983151435852050781e-01,6.600000262260437012e-01
6.884636282920837402e-01,6.600000262260437012e-01
7.221589088439941406e-01,5.600000023841857910e-01
7.211523652076721191e-01,5.400000214576721191e-01
7.346525788307189941e-01,4.600000083446502686e-01
6.973620653152465820e-01,6.600000262260437012e-01
6.810243725776672363e-01,6.999999880790710449e-01
7.091795206069946289e-01,6.399999856948852539e-01
7.268791794776916504e-01,5.199999809265136719e-01
7.227461934089660645e-01,5.400000214576721191e-01
7.208588719367980957e-01,5.199999809265136719e-01
6.901157498359680176e-01,6.600000262260437012e-01
6.889791488647460938e-01,6.999999880790710449e-01
7.262340784072875977e-01,5.600000023841857910e-01
7.042351961135864258e-01,6.000000238418579102e-01
7.058749794960021973e-01,6.399999856948852539e-01
6.969588994979858398e-01,6.800000071525573730e-01
6.856994032859802246e-01,6.800000071525573730e-01
7.227051854133605957e-01,5.400000214576721191e-01
7.127718329429626465e-01,6.000000238418579102e-01
7.184200882911682129e-01,5.799999833106994629e-01
6.796224713325500488e-01,6.800000071525573730e-01
6.858441233634948730e-01,6.600000262260437012e-01
6.992771029472351074e-01,6.399999856948852539e-01
7.162714004516601562e-01,5.600000023841857910e-01
7.034212350845336914e-01,5.799999833106994629e-01
7.210782170295715332e-01,5.799999833106994629e-01
6.802657246589660645e-01,6.399999856948852539e-01
6.780767440795898438e-01,6.600000262260437012e-01
7.213813066482543945e-01,6.000000238418579102e-01
7.054175734519958496e-01,6.000000238418579102e-01
6.887299418449401855e-01,6.600000262260437012e-01
6.961240768432617188e-01,5.799999833106994629e-01
6.704865097999572754e-01,6.800000071525573730e-01
7.373827695846557617e-01,5.799999833106994629e-01
7.011502981185913086e-01,6.000000238418579102e-01
7.108775377273559570e-01,6.200000047683715820e-01
6.638453602790832520e-01,6.200000047683715820e-01
6.753761768341064453e-01,6.600000262260437012e-01
6.916298866271972656e-01,6.399999856948852539e-01
7.396171689033508301e-01,5.400000214576721191e-01
6.942566037178039551e-01,6.000000238418579102e-01
7.155508995056152344e-01,5.600000023841857910e-01
6.657898426055908203e-01,6.800000071525573730e-01
6.657425761222839355e-01,6.999999880790710449e-01
7.373015880584716797e-01,5.199999809265136719e-01
7.086105942726135254e-01,5.799999833106994629e-01
6.790070533752441406e-01,6.200000047683715820e-01
6.888195276260375977e-01,5.799999833106994629e-01
6.721008419990539551e-01,6.800000071525573730e-01
7.182832360267639160e-01,5.600000023841857910e-01
7.088129520416259766e-01,6.000000238418579102e-01
6.975893378257751465e-01,6.200000047683715820e-01
6.560051441192626953e-01,6.399999856948852539e-01
6.609691381454467773e-01,7.200000286102294922e-01
7.055881023406982422e-01,5.799999833106994629e-01
7.270141243934631348e-01,5.799999833106994629e-01
6.872370839118957520e-01,6.399999856948852539e-01
7.097678780555725098e-01,5.799999833106994629e-01
6.746177673339843750e-01,6.399999856948852539e-01
6.545934081077575684e-01,6.999999880790710449e-01
7.278776764869689941e-01,5.400000214576721191e-01
7.100712656974792480e-01,6.000000238418579102e-01
6.939675807952880859e-01,5.600000023841857910e-01
6.614028811454772949e-01,6.600000262260437012e-01
6.664164662361145020e-01,6.800000071525573730e-01
7.223492860794067383e-01,5.400000214576721191e-01
6.953220963478088379e-01,6.399999856948852539e-01
7.014076709747314453e-01,5.799999833106994629e-01
6.530196666717529297e-01,6.399999856948852539e-01
6.543900966644287109e-01,7.200000286102294922e-01
7.079476714134216309e-01,6.000000238418579102e-01
7.393977642059326172e-01,5.600000023841857910e-01
6.847997903823852539e-01,6.200000047683715820e-01
7.076173424720764160e-01,6.000000238418579102e-01
6.579013466835021973e-01,6.999999880790710449e-01
6.526914238929748535e-01,7.400000095367431641e-01
7.278124094009399414e-01,5.600000023841857910e-01
6.924231648445129395e-01,6.399999856948852539e-01
7.159430384635925293e-01,5.199999809265136719e-01
6.356566548347473145e-01,7.400000095367431641e-01
6.727077364921569824e-01,6.999999880790710449e-01
7.204418778419494629e-01,6.000000238418579102e-01
6.836528182029724121e-01,6.399999856948852539e-01
7.096084356307983398e-01,5.400000214576721191e-01
6.332228779792785645e-01,6.800000071525573730e-01
6.583444476127624512e-01,6.999999880790710449e-01
7.122944593429565430e-01,5.400000214576721191e-01
7.344179153442382812e-01,5.600000023841857910e-01
6.894630193710327148e-01,6.000000238418579102e-01
7.183548808097839355e-01,5.199999809265136719e-01
6.653109192848205566e-01,6.399999856948852539e-01
6.467953920364379883e-01,7.599999904632568359e-01
7.279627919197082520e-01,5.799999833106994629e-01
7.126278877258300781e-01,5.799999833106994629e-01
7.126758098602294922e-01,5.799999833106994629e-01
6.571087837219238281e-01,6.800000071525573730e-01
6.473748683929443359e-01,7.200000286102294922e-01
7.231133580207824707e-01,5.400000214576721191e-01
6.902433633804321289e-01,5.799999833106994629e-01
6.927389502525329590e-01,6.399999856948852539e-01
6.628926396369934082e-01,6.600000262260437012e-01
6.407151222229003906e-01,7.400000095367431641e-01
6.936770677566528320e-01,6.000000238418579102e-01
7.287020683288574219e-01,6.000000238418579102e-01
6.857538819313049316e-01,6.000000238418579102e-01
6.875310540199279785e-01,6.000000238418579102e-01
6.501763463020324707e-01,7.200000286102294922e-01
6.457853913307189941e-01,7.400000095367431641e-01
7.318583130836486816e-01,5.400000214576721191e-01
6.939120888710021973e-01,5.799999833106994629e-01
7.147334218025207520e-01,6.000000238418579102e-01
6.559731960296630859e-01,7.200000286102294922e-01
6.412084102630615234e-01,7.400000095367431641e-01
7.143054604530334473e-01,6.000000238418579102e-01
6.960349082946777344e-01,6.200000047683715820e-01
7.031886577606201172e-01,5.799999833106994629e-01
6.483436226844787598e-01,6.999999880790710449e-01
6.355994343757629395e-01,7.400000095367431641e-01
6.958330273628234863e-01,6.200000047683715820e-01
7.241411805152893066e-01,5.600000023841857910e-01
6.743947863578796387e-01,6.399999856948852539e-01
6.929170489311218262e-01,5.799999833106994629e-01
6.482647657394409180e-01,6.800000071525573730e-01
6.553475856781005859e-01,7.200000286102294922e-01
7.348727583885192871e-01,5.600000023841857910e-01
6.918141245841979980e-01,6.399999856948852539e-01
7.372143268585205078e-01,5.000000000000000000e-01
6.499335765838623047e-01,7.200000286102294922e-01
6.199465990066528320e-01,7.599999904632568359e-01
7.327586412429809570e-01,5.600000023841857910e-01
6.813969612121582031e-01,6.399999856948852539e-01
7.065432071685791016e-01,5.799999833106994629e-01
6.350265145301818848e-01,7.200000286102294922e-01
6.345773935317993164e-01,7.200000286102294922e-01
7.170538902282714844e-01,5.799999833106994629e-01
6.927646398544311523e-01,6.200000047683715820e-01
6.951169967651367188e-01,6.399999856948852539e-01
6.671058535575866699e-01,6.800000071525573730e-01
6.504643559455871582e-01,6.600000262260437012e-01
6.707270145416259766e-01,6.800000071525573730e-01
7.171071767807006836e-01,6.200000047683715820e-01
6.960707306861877441e-01,6.200000047683715820e-01
7.161445021629333496e-01,5.799999833106994629e-01
6.546146869659423828e-01,6.600000262260437012e-01
6.273830533027648926e-01,7.599999904632568359e-01
7.338136434555053711e-01,6.000000238418579102e-01
6.899015903472900391e-01,6.399999856948852539e-01
7.079405784606933594e-01,6.000000238418579102e-01
6.189251542091369629e-01,7.400000095367431641e-01
6.417824625968933105e-01,7.400000095367431641e-01
7.052229642868041992e-01,6.000000238418579102e-01
7.005791664123535156e-01,6.200000047683715820e-01
7.203959226608276367e-01,5.799999833106994629e-01
6.356650590896606445e-01,6.800000071525573730e-01
6.312125325202941895e-01,7.200000286102294922e-01
6.766170859336853027e-01,6.399999856948852539e-01
7.084302902221679688e-01,5.799999833106994629e-01
6.955916881561279297e-01,6.399999856948852539e-01
7.005231380462646484e-01,6.200000047683715820e-01
6.393868923187255859e-01,6.999999880790710449e-01
6.361203789710998535e-01,7.400000095367431641e-01
7.246466875076293945e-01,6.000000238418579102e-01
6.891968846321105957e-01,6.399999856948852539e-01
7.011699080467224121e-01,6.200000047683715820e-01
6.169213056564331055e-01,7.599999904632568359e-01
6.396740078926086426e-01,7.200000286102294922e-01
7.036067247390747070e-01,6.200000047683715820e-01
6.802720427513122559e-01,6.800000071525573730e-01
7.257900834083557129e-01,5.600000023841857910e-01
5.916810035705566406e-01,7.599999904632568359e-01
6.161275506019592285e-01,7.599999904632568359e-01
7.669172286987304688e-01,4.399999976158142090e-01
7.151166200637817383e-01,6.000000238418579102e-01
6.849166750907897949e-01,6.999999880790710449e-01
6.869258880615234375e-01,6.000000238418579102e-01
7.801780700683593750e-01,5.400000214576721191e-01
7.503140568733215332e-01,5.799999833106994629e-01
7.813883423805236816e-01,5.400000214576721191e-01
8.349978923797607422e-01,4.600000083446502686e-01
7.693039774894714355e-01,5.400000214576721191e-01
7.612937092781066895e-01,5.199999809265136719e-01
7.773816585540771484e-01,4.799999892711639404e-01
7.124861478805541992e-01,5.799999833106994629e-01
7.407205700874328613e-01,4.799999892711639404e-01
7.355217337608337402e-01,4.600000083446502686e-01
7.021952867507934570e-01,6.399999856948852539e-01
7.123524546623229980e-01,5.199999809265136719e-01
7.259561419486999512e-01,4.799999892711639404e-01
7.241226434707641602e-01,5.000000000000000000e-01
7.078303694725036621e-01,5.799999833106994629e-01
7.384315133094787598e-01,4.199999868869781494e-01
7.143949270248413086e-01,5.799999833106994629e-01
7.261738777160644531e-01,4.600000083446502686e-01
7.444036006927490234e-01,4.399999976158142090e-01
7.074332833290100098e-01,5.799999833106994629e-01
7.256075143814086914e-01,5.000000000000000000e-01
7.239389419555664062e-01,4.799999892711639404e-01
7.032424807548522949e-01,6.000000238418579102e-01
7.374548912048339844e-01,4.399999976158142090e-01
7.274660468101501465e-01,5.400000214576721191e-01
7.117757797241210938e-01,5.199999809265136719e-01
7.082712650299072266e-01,5.400000214576721191e-01
7.025977373123168945e-01,6.200000047683715820e-01
7.187675237655639648e-01,5.799999833106994629e-01
7.334869503974914551e-01,4.199999868869781494e-01
7.131894826889038086e-01,5.000000000000000000e-01
7.086636424064636230e-01,6.600000262260437012e-01
7.104859352111816406e-01,5.799999833106994629e-01
6.969106197357177734e-01,6.200000047683715820e-01
7.188553810119628906e-01,5.199999809265136719e-01
7.158563733100891113e-01,5.199999809265136719e-01
7.186008095741271973e-01,5.600000023841857910e-01
6.926187872886657715e-01,5.600000023841857910e-01
7.141559720039367676e-01,5.000000000000000000e-01
7.045887708663940430e-01,5.600000023841857910e-01
7.229341864585876465e-01,5.199999809265136719e-01
7.192208766937255859e-01,5.799999833106994629e-01
6.785396337509155273e-01,6.800000071525573730e-01
7.096988558769226074e-01,6.000000238418579102e-01
6.913166642189025879e-01,6.800000071525573730e-01
7.355199456214904785e-01,4.399999976158142090e-01
7.075768709182739258e-01,5.000000000000000000e-01
6.956663727760314941e-01,6.399999856948852539e-01
6.928185224533081055e-01,6.800000071525573730e-01
6.909629106521606445e-01,6.800000071525573730e-01
7.281156778335571289e-01,5.000000000000000000e-01
7.048970460891723633e-01,5.199999809265136719e-01
7.114940881729125977e-01,5.400000214576721191e-01
6.872404217720031738e-01,6.600000262260437012e-01
6.876976490020751953e-01,6.399999856948852539e-01
7.281251549720764160e-01,5.400000214576721191e-01
7.070103883743286133e-01,5.400000214576721191e-01
7.040415406227111816e-01,5.199999809265136719e-01
6.802504658699035645e-01,6.000000238418579102e-01
6.940969228744506836e-01,6.600000262260437012e-01
6.809719800949096680e-01,6.999999880790710449e-01
7.494800090789794922e-01,4.399999976158142090e-01
7.053835391998291016e-01,5.000000000000000000e-01
6.889975070953369141e-01,6.200000047683715820e-01
6.787887811660766602e-01,7.200000286102294922e-01
6.970893144607543945e-01,6.600000262260437012e-01
7.263841032981872559e-01,5.400000214576721191e-01
7.079257369041442871e-01,5.000000000000000000e-01
7.083278894424438477e-01,5.400000214576721191e-01
6.981008052825927734e-01,6.600000262260437012e-01
6.728861927986145020e-01,6.399999856948852539e-01
7.349696755409240723e-01,5.199999809265136719e-01
6.967903375625610352e-01,5.799999833106994629e-01
7.047010064125061035e-01,4.799999892711639404e-01
6.811501979827880859e-01,6.399999856948852539e-01
6.819133758544921875e-01,7.200000286102294922e-01
6.884340047836303711e-01,6.600000262260437012e-01
7.394204139709472656e-01,4.799999892711639404e-01
7.094229459762573242e-01,5.400000214576721191e-01
6.809868216514587402e-01,6.800000071525573730e-01
6.732666492462158203e-01,7.200000286102294922e-01
6.985294222831726074e-01,6.600000262260437012e-01
7.270035743713378906e-01,5.400000214576721191e-01
7.066385149955749512e-01,5.199999809265136719e-01
6.986981630325317383e-01,5.799999833106994629e-01
7.112177014350891113e-01,6.399999856948852539e-01
6.583853960037231445e-01,6.600000262260437012e-01
7.385752201080322266e-01,5.000000000000000000e-01
6.961715221405029297e-01,5.600000023841857910e-01
7.086192369461059570e-01,5.199999809265136719e-01
6.621990203857421875e-01,7.400000095367431641e-01
6.814744472503662109e-01,6.800000071525573730e-01
7.078744173049926758e-01,6.399999856948852539e-01
7.149681448936462402e-01,5.600000023841857910e-01
7.195315957069396973e-01,4.799999892711639404e-01
6.662406921386718750e-01,6.999999880790710449e-01
6.734055876731872559e-01,7.200000286102294922e-01
6.922051310539245605e-01,6.800000071525573730e-01
7.245581746101379395e-01,5.199999809265136719e-01
7.067700028419494629e-01,5.400000214576721191e-01
6.991751790046691895e-01,6.000000238418579102e-01
6.912569403648376465e-01,6.600000262260437012e-01
6.641941070556640625e-01,6.800000071525573730e-01
7.326775193214416504e-01,5.600000023841857910e-01
6.906361579895019531e-01,6.200000047683715820e-01
7.090126276016235352e-01,5.199999809265136719e-01
6.527408957481384277e-01,7.400000095367431641e-01
6.818906664848327637e-01,6.600000262260437012e-01
7.101610302925109863e-01,6.399999856948852539e-01
7.111443281173706055e-01,5.600000023841857910e-01
7.213826179504394531e-01,5.199999809265136719e-01
6.522650122642517090e-01,6.999999880790710449e-01
6.771279573440551758e-01,7.200000286102294922e-01
6.815700531005859375e-01,6.800000071525573730e-01
7.170096039772033691e-01,5.400000214576721191e-01
7.123944759368896484e-01,5.600000023841857910e-01
6.905889511108398438e-01,5.799999833106994629e-01
6.754135489463806152e-01,6.800000071525573730e-01
6.666145920753479004e-01,6.999999880790710449e-01
7.298279404640197754e-01,5.799999833106994629e-01
6.912708282470703125e-01,6.200000047683715820e-01
7.117221951484680176e-01,5.199999809265136719e-01
6.520479917526245117e-01,7.599999904632568359e-01
6.732468008995056152e-01,6.399999856948852539e-01
7.014711499214172363e-01,6.399999856948852539e-01
7.081660628318786621e-01,6.000000238418579102e-01
7.214704751968383789e-01,5.199999809265136719e-01
6.332637667655944824e-01,7.599999904632568359e-01
6.793203353881835938e-01,6.600000262260437012e-01
6.742771267890930176e-01,6.800000071525573730e-01
7.270544171333312988e-01,5.400000214576721191e-01
7.019101381301879883e-01,6.200000047683715820e-01
6.892099976539611816e-01,6.000000238418579102e-01
6.707612276077270508e-01,6.600000262260437012e-01
6.619231104850769043e-01,6.999999880790710449e-01
7.186574935913085938e-01,6.000000238418579102e-01
6.989414095878601074e-01,6.200000047683715820e-01
7.013294696807861328e-01,5.799999833106994629e-01
6.483309864997863770e-01,7.400000095367431641e-01
6.795740127563476562e-01,6.399999856948852539e-01
6.914048790931701660e-01,6.399999856948852539e-01
7.087136507034301758e-01,6.200000047683715820e-01
7.213080525398254395e-01,4.799999892711639404e-01
6.145942807197570801e-01,8.000000119209289551e-01
6.748147606849670410e-01,6.600000262260437012e-01
6.720483899116516113e-01,6.999999880790710449e-01
7.280690073966979980e-01,5.600000023841857910e-01
6.913279891014099121e-01,6.399999856948852539e-01
6.757272481918334961e-01,6.800000071525573730e-01
6.842451691627502441e-01,6.200000047683715820e-01
6.471289992332458496e-01,7.200000286102294922e-01
7.247419953346252441e-01,5.799999833106994629e-01
6.894700527191162109e-01,6.000000238418579102e-01
7.008077502250671387e-01,5.600000023841857910e-01
6.382781863212585449e-01,7.200000286102294922e-01
6.712394952774047852e-01,6.399999856948852539e-01
7.078497409820556641e-01,6.000000238418579102e-01
6.918420195579528809e-01,6.399999856948852539e-01
7.172915935516357422e-01,5.199999809265136719e-01
6.065028905868530273e-01,8.000000119209289551e-01
6.861048340797424316e-01,6.200000047683715820e-01
6.647213101387023926e-01,6.600000262260437012e-01
7.513890266418457031e-01,5.000000000000000000e-01
6.718103885650634766e-01,6.000000238418579102e-01
6.709256768226623535e-01,6.800000071525573730e-01
6.665536761283874512e-01,6.399999856948852539e-01
6.457769274711608887e-01,6.999999880790710449e-01
7.338457703590393066e-01,5.600000023841857910e-01
6.630405783653259277e-01,6.200000047683715820e-01
7.133256196975708008e-01,5.199999809265136719e-01
6.330989003181457520e-01,6.999999880790710449e-01
6.877341270446777344e-01,6.200000047683715820e-01
6.978163123130798340e-01,6.399999856948852539e-01
6.744399070739746094e-01,6.200000047683715820e-01
7.107728719711303711e-01,5.000000000000000000e-01
5.938937067985534668e-01,7.799999713897705078e-01
6.970055699348449707e-01,5.799999833106994629e-01
6.460973024368286133e-01,6.800000071525573730e-01
7.618627548217773438e-01,5.000000000000000000e-01
6.700760126113891602e-01,6.800000071525573730e-01
6.631307601928710938e-01,6.200000047683715820e-01
6.642940640449523926e-01,6.399999856948852539e-01
6.362335681915283203e-01,6.800000071525573730e-01
7.478206753730773926e-01,5.000000000000000000e-01
6.674591302871704102e-01,6.200000047683715820e-01
7.101630568504333496e-01,5.400000214576721191e-01
6.549102663993835449e-01,6.600000262260437012e-01
6.619215011596679688e-01,6.600000262260437012e-01
6.972798705101013184e-01,6.000000238418579102e-01
6.748530864715576172e-01,6.600000262260437012e-01
6.946545839309692383e-01,5.600000023841857910e-01
6.199124455451965332e-01,7.200000286102294922e-01
6.683084964752197266e-01,6.600000262260437012e-01
6.572352051734924316e-01,6.600000262260437012e-01
7.569628357887268066e-01,5.400000214576721191e-01
6.596436500549316406e-01,5.600000023841857910e-01
6.640595793724060059e-01,6.600000262260437012e-01
6.583778858184814453e-01,6.600000262260437012e-01
6.417315006256103516e-01,6.800000071525573730e-01
7.291849255561828613e-01,5.600000023841857910e-01
6.703882813453674316e-01,6.000000238418579102e-01
6.832107305526733398e-01,5.600000023841857910e-01
6.712885499000549316e-01,6.600000262260437012e-01
6.355302333831787109e-01,6.600000262260437012e-01
7.107803225517272949e-01,5.799999833106994629e-01
6.636730432510375977e-01,6.600000262260437012e-01
7.132862210273742676e-01,5.199999809265136719e-01
6.184920668601989746e-01,7.200000286102294922e-01
6.674007177352905273e-01,6.399999856948852539e-01
6.523004770278930664e-01,6.999999880790710449e-01
7.415178418159484863e-01,5.199999809265136719e-01
6.575766205787658691e-01,6.600000262260437012e-01
6.595006585121154785e-01,6.399999856948852539e-01
6.500382423400878906e-01,6.800000071525573730e-01
6.496248245239257812e-01,6.800000071525573730e-01
7.406871914863586426e-01,5.600000023841857910e-01
6.667952537536621094e-01,6.399999856948852539e-01
7.120003700256347656e-01,5.199999809265136719e-01
6.788621544837951660e-01,6.399999856948852539e-01
6.429743766784667969e-01,6.600000262260437012e-01
7.158557772636413574e-01,5.400000214576721191e-01
6.866290569305419922e-01,6.000000238418579102e-01
7.055018544197082520e-01,6.399999856948852539e-01
6.446073055267333984e-01,6.000000238418579102e-01
6.690604090690612793e-01,6.399999856948852539e-01
6.747752428054809570e-01,6.999999880790710449e-01
6.944900155067443848e-01,6.200000047683715820e-01
6.856175065040588379e-01,5.600000023841857910e-01
6.559231877326965332e-01,6.800000071525573730e-01
6.462576389312744141e-01,7.599999904632568359e-01
6.717387437820434570e-01,6.399999856948852539e-01
7.218053340911865234e-01,5.799999833106994629e-01
6.690071225166320801e-01,6.000000238418579102e-01
6.925802826881408691e-01,5.600000023841857910e-01
6.597916483879089355e-01,7.400000095367431641e-01
6.393029689788818359e-01,6.600000262260437012e-01
7.080405950546264648e-01,6.000000238418579102e-01
6.667433977127075195e-01,6.600000262260437012e-01
6.893476843833923340e-01,6.000000238418579102e-01
6.347262859344482422e-01,7.200000286102294922e-01
6.601345539093017578e-01,6.800000071525573730e-01
6.840968132019042969e-01,6.600000262260437012e-01
6.935985684394836426e-01,6.399999856948852539e-01
6.938704848289489746e-01,5.600000023841857910e-01
6.257064342498779297e-01,7.400000095367431641e-01
6.484238505363464355e-01,7.200000286102294922e-01
6.496756076812744141e-01,6.999999880790710449e-01
7.078121304512023926e-01,5.799999833106994629e-01
6.832660436630249023e-01,6.200000047683715820e-01
6.719053387641906738e-01,6.399999856948852539e-01
6.456211209297180176e-01,6.600000262260437012e-01
6.463258862495422363e-01,6.600000262260437012e-01
7.118739485740661621e-01,6.000000238418579102e-01
6.643366813659667969e-01,6.600000262260437012e-01
6.818434000015258789e-01,5.799999833106994629e-01
6.214771866798400879e-01,7.599999904632568359e-01
6.425032615661621094e-01,6.800000071525573730e-01
6.839572787284851074e-01,6.200000047683715820e-01
6.887187957763671875e-01,6.800000071525573730e-01
6.804779171943664551e-01,5.799999833106994629e-01
5.965587496757507324e-01,7.400000095367431641e-01
6.766962409019470215e-01,6.399999856948852539e-01
6.566077470779418945e-01,6.600000262260437012e-01
7.338635921478271484e-01,5.199999809265136719e-01
6.589902639389038086e-01,6.800000071525573730e-01
6.550854444503784180e-01,6.600000262260437012e-01
6.501652002334594727e-01,6.800000071525573730e-01
6.640973091125488281e-01,6.399999856948852539e-01
7.080180048942565918e-01,6.200000047683715820e-01
6.884371638298034668e-01,6.200000047683715820e-01
6.699111461639404297e-01,5.799999833106994629e-01
6.222036480903625488e-01,6.800000071525573730e-01
6.987993121147155762e-01,6.000000238418579102e-01
6.658607125282287598e-01,6.600000262260437012e-01
6.893254518508911133e-01,6.200000047683715820e-01
6.726853847503662109e-01,6.399999856948852539e-01
5.781068801879882812e-01,7.799999713897705078e-01
6.531835794448852539e-01,6.600000262260437012e-01
6.663620471954345703e-01,6.200000047683715820e-01
7.543695569038391113e-01,5.400000214576721191e-01
6.403970718383789062e-01,6.399999856948852539e-01
6.607393026351928711e-01,6.600000262260437012e-01
6.546540260314941406e-01,6.399999856948852539e-01
6.306949257850646973e-01,6.999999880790710449e-01
6.973403692245483398e-01,6.000000238418579102e-01
6.739110946655273438e-01,6.399999856948852539e-01
6.898788213729858398e-01,5.799999833106994629e-01
6.024444699287414551e-01,7.599999904632568359e-01
6.770289540290832520e-01,6.200000047683715820e-01
6.874790787696838379e-01,6.000000238418579102e-01
6.677701473236083984e-01,6.600000262260437012e-01
6.745765209197998047e-01,6.200000047683715820e-01
5.735805034637451172e-01,7.799999713897705078e-01
6.654001474380493164e-01,6.000000238418579102e-01
6.509093642234802246e-01,6.800000071525573730e-01
7.416645288467407227e-01,5.199999809265136719e-01
6.227710247039794922e-01,6.800000071525573730e-01
6.578427553176879883e-01,6.200000047683715820e-01
6.320011615753173828e-01,6.999999880790710449e-01
6.382370591163635254e-01,6.600000262260437012e-01
7.078729867935180664e-01,6.200000047683715820e-01
6.486896872520446777e-01,6.399999856948852539e-01
6.820678114891052246e-01,5.799999833106994629e-01
6.131587028503417969e-01,6.800000071525573730e-01
6.868947148323059082e-01,5.799999833106994629e-01
6.842522621154785156e-01,5.799999833106994629e-01
6.671569347381591797e-01,6.600000262260437012e-01
6.617707610130310059e-01,6.800000071525573730e-01
5.686015486717224121e-01,7.599999904632568359e-01
6.786950230598449707e-01,5.799999833106994629e-01
6.433458924293518066e-01,6.800000071525573730e-01
7.561668157577514648e-01,5.400000214576721191e-01
6.398538351058959961e-01,6.200000047683715820e-01
6.361488699913024902e-01,6.600000262260437012e-01
6.462577581405639648e-01,6.600000262260437012e-01
6.356688737869262695e-01,6.999999880790710449e-01
7.049997448921203613e-01,6.200000047683715820e-01
6.764971613883972168e-01,6.200000047683715820e-01
6.854367256164550781e-01,6.000000238418579102e-01
6.156760454177856445e-01,7.200000286102294922e-01
6.409876346588134766e-01,6.600000262260437012e-01
6.931732296943664551e-01,5.799999833106994629e-01
6.578056812286376953e-01,6.600000262260437012e-01
6.599251031875610352e-01,6.399999856948852539e-01
5.879783630371093750e-01,7.599999904632568359e-01
6.593498587608337402e-01,6.000000238418579102e-01
6.359071135520935059e-01,6.999999880790710449e-01
7.264549732208251953e-01,5.600000023841857910e-01
6.289284825325012207e-01,6.399999856948852539e-01
6.446281671524047852e-01,6.600000262260437012e-01
6.295732259750366211e-01,6.999999880790710449e-01
6.310036778450012207e-01,6.399999856948852539e-01
7.033512592315673828e-01,6.000000238418579102e-01
6.560918688774108887e-01,6.399999856948852539e-01
6.722827553749084473e-01,5.799999833106994629e-01
6.349904537200927734e-01,6.600000262260437012e-01
6.472044587135314941e-01,6.399999856948852539e-01
6.719428896903991699e-01,6.399999856948852539e-01
6.702859401702880859e-01,6.000000238418579102e-01
6.663468480110168457e-01,6.000000238418579102e-01
5.616526007652282715e-01,8.000000119209289551e-01
6.504864692687988281e-01,6.399999856948852539e-01
6.515647172927856445e-01,6.399999856948852539e-01
7.278680205345153809e-01,6.000000238418579102e-01
6.169048547744750977e-01,6.600000262260437012e-01
6.324953436851501465e-01,6.800000071525573730e-01
6.342415809631347656e-01,6.600000262260437012e-01
6.387131214141845703e-01,6.600000262260437012e-01
7.121105790138244629e-01,6.000000238418579102e-01
6.443783640861511230e-01,6.800000071525573730e-01
6.669335961341857910e-01,6.200000047683715820e-01
6.366598010063171387e-01,6.800000071525573730e-01
6.319712996482849121e-01,7.200000286102294922e-01
6.881187558174133301e-01,6.000000238418579102e-01
6.538469791412353516e-01,6.399999856948852539e-01
6.650272607803344727e-01,6.399999856948852539e-01
5.673728585243225098e-01,8.199999928474426270e-01
6.338623762130737305e-01,7.200000286102294922e-01
6.746793389320373535e-01,6.600000262260437012e-01
6.846682429313659668e-01,6.200000047683715820e-01
6.389060020446777344e-01,6.399999856948852539e-01
6.166685223579406738e-01,6.999999880790710449e-01
6.391293406486511230e-01,6.999999880790710449e-01
6.372276544570922852e-01,6.999999880790710449e-01
7.156146764755249023e-01,5.799999833106994629e-01
6.512476801872253418e-01,6.999999880790710449e-01
6.382674574851989746e-01,7.400000095367431641e-01
6.412460207939147949e-01,6.600000262260437012e-01
6.342486143112182617e-01,6.999999880790710449e-01
7.006886601448059082e-01,6.399999856948852539e-01
6.432189345359802246e-01,6.600000262260437012e-01
6.674617528915405273e-01,5.799999833106994629e-01
5.883516073226928711e-01,7.599999904632568359e-01
6.675368547439575195e-01,6.200000047683715820e-01
6.661218404769897461e-01,6.399999856948852539e-01
6.922032237052917480e-01,6.000000238418579102e-01
6.577107310295104980e-01,6.600000262260437012e-01
5.723940134048461914e-01,7.799999713897705078e-01
6.243290901184082031e-01,7.400000095367431641e-01
6.339957714080810547e-01,6.800000071525573730e-01
6.995344161987304688e-01,6.200000047683715820e-01
6.512171030044555664e-01,6.600000262260437012e-01
6.762866377830505371e-01,6.000000238418579102e-01
5.943307280540466309e-01,7.599999904632568359e-01
6.329400539398193359e-01,6.999999880790710449e-01
6.923564076423645020e-01,5.799999833106994629e-01
6.839482188224792480e-01,5.799999833106994629e-01
6.582200527191162109e-01,6.200000047683715820e-01
6.120131015777587891e-01,6.800000071525573730e-01
6.594758033752441406e-01,6.399999856948852539e-01
6.479924321174621582e-01,6.600000262260437012e-01
6.889305114746093750e-01,6.399999856948852539e-01
7.160666584968566895e-01,5.400000214576721191e-01
5.823597311973571777e-01,7.200000286102294922e-01
6.422694921493530273e-01,6.999999880790710449e-01
6.386708617210388184e-01,6.999999880790710449e-01
7.185323834419250488e-01,5.600000023841857910e-01
6.463753581047058105e-01,6.999999880790710449e-01
6.371482610702514648e-01,7.200000286102294922e-01
6.342915892601013184e-01,6.600000262260437012e-01
6.639741659164428711e-01,6.200000047683715820e-01
6.847597956657409668e-01,6.200000047683715820e-01
6.672098040580749512e-01,6.200000047683715820e-01
6.589486002922058105e-01,6.000000238418579102e-01
5.907503962516784668e-01,8.000000119209289551e-01
6.675792932510375977e-01,6.399999856948852539e-01
6.435594558715820312e-01,6.999999880790710449e-01
6.865140199661254883e-01,6.200000047683715820e-01
6.903707385063171387e-01,6.000000238418579102e-01
5.457222461700439453e-01,8.000000119209289551e-01
6.249942779541015625e-01,7.200000286102294922e-01
6.681783199310302734e-01,6.200000047683715820e-01
7.126542329788208008e-01,5.400000214576721191e-01
6.341494917869567871e-01,6.999999880790710449e-01
6.411920785903930664e-01,6.999999880790710449e-01
6.390364766120910645e-01,6.600000262260437012e-01
6.179523468017578125e-01,6.800000071525573730e-01
6.959558725357055664e-01,6.399999856948852539e-01
6.661121845245361328e-01,6.200000047683715820e-01
6.754074692726135254e-01,6.000000238418579102e-01
5.661631226539611816e-01,8.199999928474426270e-01
6.399613618850708008e-01,7.200000286102294922e-01
6.775715947151184082e-01,6.000000238418579102e-01
6.801164150238037109e-01,6.399999856948852539e-01
6.660312414169311523e-01,6.800000071525573730e-01
5.557286143302917480e-01,7.400000095367431641e-01
6.462818384170532227e-01,6.600000262260437012e-01
6.391289830207824707e-01,6.800000071525573730e-01
7.458279132843017578e-01,5.799999833106994629e-01
6.246435642242431641e-01,6.399999856948852539e-01
6.574606299400329590e-01,6.399999856948852539e-01
5.865010619163513184e-01,7.799999713897705078e-01
6.302116513252258301e-01,7.599999904632568359e-01
6.873481869697570801e-01,6.000000238418579102e-01
6.559326052665710449e-01,6.600000262260437012e-01
6.690864562988281250e-01,6.600000262260437012e-01
5.695911049842834473e-01,7.599999904632568359e-01
6.782832741737365723e-01,6.000000238418579102e-01
6.536127924919128418e-01,6.399999856948852539e-01
6.589659452438354492e-01,6.200000047683715820e-01
6.830376982688903809e-01,5.799999833106994629e-01
5.384855866432189941e-01,8.000000119209289551e-01
6.490058898925781250e-01,6.800000071525573730e-01
6.282126903533935547e-01,7.200000286102294922e-01
7.321895360946655273e-01,5.600000023841857910e-01
6.223977208137512207e-01,7.200000286102294922e-01
6.242715120315551758e-01,6.800000071525573730e-01
6.125194430351257324e-01,7.200000286102294922e-01
6.197711229324340820e-01,7.200000286102294922e-01
6.916080117225646973e-01,5.799999833106994629e-01
6.706402897834777832e-01,6.200000047683715820e-01
6.832417249679565430e-01,6.200000047683715820e-01
5.780023336410522461e-01,7.799999713897705078e-01
6.307795047760009766e-01,6.999999880790710449e-01
6.633428931236267090e-01,6.200000047683715820e-01
6.502077579498291016e-01,6.600000262260437012e-01
6.611111760139465332e-01,6.800000071525573730e-01
5.562461018562316895e-01,7.799999713897705078e-01
6.369339823722839355e-01,6.999999880790710449e-01
6.336642503738403320e-01,7.200000286102294922e-01
7.262586951255798340e-01,6.000000238418579102e-01
6.145510077476501465e-01,6.999999880790710449e-01
6.331147551536560059e-01,6.399999856948852539e-01
5.949527025222778320e-01,7.599999904632568359e-01
6.318800449371337891e-01,6.999999880790710449e-01
7.059736251831054688e-01,6.200000047683715820e-01
6.547622084617614746e-01,6.600000262260437012e-01
6.635615229606628418e-01,6.200000047683715820e-01
5.948671102523803711e-01,7.599999904632568359e-01
6.266236901283264160e-01,7.200000286102294922e-01
6.607159376144409180e-01,6.399999856948852539e-01
7.057921886444091797e-01,6.200000047683715820e-01
6.694916486740112305e-01,6.200000047683715820e-01
5.299416780471801758e-01,8.199999928474426270e-01
6.560286283493041992e-01,6.600000262260437012e-01
6.291821002960205078e-01,6.800000071525573730e-01
7.121975421905517578e-01,5.799999833106994629e-01
6.327050328254699707e-01,6.600000262260437012e-01
6.179731488227844238e-01,7.200000286102294922e-01
6.275853514671325684e-01,7.400000095367431641e-01
6.263127923011779785e-01,7.400000095367431641e-01
6.891441941261291504e-01,5.799999833106994629e-01
6.366714835166931152e-01,6.800000071525573730e-01
6.471490859985351562e-01,6.399999856948852539e-01
6.139029264450073242e-01,7.599999904632568359e-01
6.159631609916687012e-01,7.400000095367431641e-01
6.720525622367858887e-01,6.000000238418579102e-01
6.491268277168273926e-01,6.800000071525573730e-01
6.527919173240661621e-01,6.600000262260437012e-01
5.464684367179870605e-01,8.399999737739562988e-01
6.166924834251403809e-01,7.200000286102294922e-01
6.643981337547302246e-01,6.399999856948852539e-01
6.727449297904968262e-01,6.399999856948852539e-01
6.454325914382934570e-01,6.000000238418579102e-01
5.906501412391662598e-01,7.200000286102294922e-01
6.051887869834899902e-01,6.800000071525573730e-01
6.316765546798706055e-01,7.200000286102294922e-01
7.105709910392761230e-01,6.000000238418579102e-01
6.291469335556030273e-01,6.600000262260437012e-01
6.847853660583496094e-01,6.000000238418579102e-01
5.894491076469421387e-01,7.799999713897705078e-01
6.216444969177246094e-01,6.999999880790710449e-01
6.683843135833740234e-01,6.399999856948852539e-01
6.812146902084350586e-01,6.399999856948852539e-01
6.429577469825744629e-01,6.999999880790710449e-01
5.657276511192321777e-01,8.000000119209289551e-01
6.450536847114562988e-01,6.999999880790710449e-01
6.354298591613769531e-01,6.999999880790710449e-01
6.871695518493652344e-01,6.200000047683715820e-01
7.002322673797607422e-01,5.600000023841857910e-01
5.843685865402221680e-01,7.400000095367431641e-01
6.467179059982299805e-01,6.999999880790710449e-01
6.142291426658630371e-01,6.800000071525573730e-01
6.715981364250183105e-01,6.200000047683715820e-01
6.248214840888977051e-01,6.999999880790710449e-01
6.752979755401611328e-01,6.200000047683715820e-01
6.098905801773071289e-01,7.400000095367431641e-01
6.310080289840698242e-01,6.999999880790710449e-01
6.597673892974853516e-01,6.200000047683715820e-01
6.449687480926513672e-01,6.399999856948852539e-01
6.476024985313415527e-01,6.200000047683715820e-01
5.759478807449340820e-01,8.000000119209289551e-01
6.201587319374084473e-01,7.200000286102294922e-01
6.851770281791687012e-01,6.000000238418579102e-01
6.794605255126953125e-01,5.799999833106994629e-01
6.578973531723022461e-01,6.000000238418579102e-01
5.461184382438659668e-01,8.399999737739562988e-01
6.241751313209533691e-01,6.800000071525573730e-01
6.242315173149108887e-01,6.999999880790710449e-01
7.221657633781433105e-01,5.799999833106994629e-01
6.310247182846069336e-01,6.800000071525573730e-01
6.571788787841796875e-01,6.399999856948852539e-01
5.877193212509155273e-01,7.599999904632568359e-01
6.261843442916870117e-01,7.200000286102294922e-01
6.681209206581115723e-01,6.800000071525573730e-01
6.369586586952209473e-01,6.200000047683715820e-01
6.285914182662963867e-01,6.600000262260437012e-01
5.755910277366638184e-01,8.000000119209289551e-01
6.679136753082275391e-01,6.000000238418579102e-01
6.129969358444213867e-01,6.999999880790710449e-01
6.451356410980224609e-01,6.399999856948852539e-01
6.412307024002075195e-01,6.000000238418579102e-01
5.966918468475341797e-01,6.399999856948852539e-01
6.198401451110839844e-01,7.400000095367431641e-01
6.200222373008728027e-01,6.600000262260437012e-01
6.979460120201110840e-01,5.600000023841857910e-01
6.073809862136840820e-01,6.600000262260437012e-01
6.844534277915954590e-01,5.799999833106994629e-01
6.136797070503234863e-01,7.200000286102294922e-01
6.036574840545654297e-01,6.999999880790710449e-01
6.717725992202758789e-01,6.600000262260437012e-01
6.450169682502746582e-01,6.399999856948852539e-01
6.595178246498107910e-01,6.600000262260437012e-01
5.505024790763854980e-01,7.799999713897705078e-01
6.113262176513671875e-01,6.999999880790710449e-01
6.901980638504028320e-01,6.200000047683715820e-01
6.689527630805969238e-01,6.800000071525573730e-01
6.673299074172973633e-01,6.800000071525573730e-01
5.512339472770690918e-01,8.199999928474426270e-01
6.906955838203430176e-01,5.400000214576721191e-01
5.970775485038757324e-01,6.999999880790710449e-01
7.026938199996948242e-01,5.799999833106994629e-01
6.246138215065002441e-01,6.800000071525573730e-01
6.912679076194763184e-01,5.600000023841857910e-01
5.831110477447509766e-01,7.799999713897705078e-01
6.171906590461730957e-01,7.400000095367431641e-01
7.156310677528381348e-01,6.000000238418579102e-01
6.160752177238464355e-01,6.399999856948852539e-01
7.096647024154663086e-01,6.000000238418579102e-01
5.528137087821960449e-01,8.199999928474426270e-01
6.642929315567016602e-01,6.399999856948852539e-01
6.323431730270385742e-01,6.999999880790710449e-01
6.263613104820251465e-01,6.600000262260437012e-01
6.381561756134033203e-01,6.600000262260437012e-01
6.282106041908264160e-01,6.399999856948852539e-01
6.395406723022460938e-01,6.800000071525573730e-01
5.831668972969055176e-01,6.999999880790710449e-01
7.015445232391357422e-01,6.000000238418579102e-01
6.297624111175537109e-01,6.600000262260437012e-01
6.253688931465148926e-01,6.999999880790710449e-01
5.838538408279418945e-01,7.799999713897705078e-01
6.098513007164001465e-01,6.800000071525573730e-01
6.787138581275939941e-01,6.399999856948852539e-01
6.417038440704345703e-01,6.200000047683715820e-01
6.746790409088134766e-01,6.000000238418579102e-01
6.087005138397216797e-01,7.200000286102294922e-01
6.133314967155456543e-01,6.999999880790710449e-01
6.422201991081237793e-01,6.600000262260437012e-01
6.133923530578613281e-01,6.800000071525573730e-01
6.537941098213195801e-01,6.800000071525573730e-01
5.492597818374633789e-01,8.000000119209289551e-01
6.310707926750183105e-01,7.200000286102294922e-01
5.925579071044921875e-01,6.999999880790710449e-01
7.206581830978393555e-01,6.000000238418579102e-01
6.077209115028381348e-01,6.800000071525573730e-01
6.377030611038208008e-01,6.600000262260437012e-01
5.687700510025024414e-01,7.400000095367431641e-01
5.950613617897033691e-01,6.800000071525573730e-01
6.840741038322448730e-01,5.600000023841857910e-01
6.157863736152648926e-01,6.800000071525573730e-01
6.587619781494140625e-01,6.200000047683715820e-01
5.899788737297058105e-01,8.000000119209289551e-01
6.046143174171447754e-01,6.600000262260437012e-01
6.455230712890625000e-01,6.800000071525573730e-01
6.022850275039672852e-01,6.800000071525573730e-01
6.573650836944580078e-01,6.200000047683715820e-01
5.881937742233276367e-01,6.800000071525573730e-01
6.305807828903198242e-01,7.200000286102294922e-01
6.266061067581176758e-01,6.999999880790710449e-01
6.833810210227966309e-01,6.000000238418579102e-01
5.718346238136291504e-01,7.400000095367431641e-01
6.255751252174377441e-01,7.400000095367431641e-01
5.668372511863708496e-01,8.000000119209289551e-01
5.938544869422912598e-01,7.200000286102294922e-01
6.799947023391723633e-01,6.399999856948852539e-01
6.071896553039550781e-01,6.399999856948852539e-01
6.967389583587646484e-01,5.600000023841857910e-01
6.115309596061706543e-01,7.599999904632568359e-01
6.201491355895996094e-01,6.200000047683715820e-01
6.429092884063720703e-01,6.200000047683715820e-01
6.068587303161621094e-01,7.200000286102294922e-01
6.303236484527587891e-01,6.800000071525573730e-01
5.683402419090270996e-01,7.599999904632568359e-01
5.936000347137451172e-01,7.200000286102294922e-01
7.083830237388610840e-01,6.399999856948852539e-01
6.417132616043090820e-01,6.399999856948852539e-01
6.584851741790771484e-01,6.399999856948852539e-01
6.081401705741882324e-01,7.200000286102294922e-01
6.029706597328186035e-01,6.800000071525573730e-01
5.945090055465698242e-01,6.399999856948852539e-01
6.787019371986389160e-01,6.200000047683715820e-01
6.418308019638061523e-01,6.600000262260437012e-01
7.038324475288391113e-01,5.199999809265136719e-01
5.809896588325500488e-01,8.000000119209289551e-01
6.034039258956909180e-01,6.999999880790710449e-01
6.699786782264709473e-01,6.000000238418579102e-01
6.024700999259948730e-01,6.999999880790710449e-01
6.361552476882934570e-01,6.999999880790710449e-01
6.490495204925537109e-01,6.600000262260437012e-01
6.606653332710266113e-01,6.600000262260437012e-01
6.596381664276123047e-01,6.600000262260437012e-01
6.955904364585876465e-01,5.799999833106994629e-01
6.929425597190856934e-01,5.600000023841857910e-01
5.870497822761535645e-01,7.799999713897705078e-01
6.718535423278808594e-01,6.600000262260437012e-01
6.160920858383178711e-01,6.800000071525573730e-01
6.949894428253173828e-01,5.799999833106994629e-01
6.483267545700073242e-01,6.399999856948852539e-01
6.673436164855957031e-01,6.800000071525573730e-01
6.015697121620178223e-01,7.200000286102294922e-01
6.359687447547912598e-01,6.399999856948852539e-01
6.978307962417602539e-01,6.600000262260437012e-01
6.373435258865356445e-01,6.200000047683715820e-01
6.225476264953613281e-01,6.800000071525573730e-01
6.097197532653808594e-01,6.600000262260437012e-01
6.161010861396789551e-01,6.800000071525573730e-01
6.345416307449340820e-01,6.800000071525573730e-01
6.695044040679931641e-01,6.200000047683715820e-01
6.884310245513916016e-01,6.000000238418579102e-01
5.938154458999633789e-01,7.200000286102294922e-01
5.832115411758422852e-01,7.400000095367431641e-01
6.132659912109375000e-01,6.800000071525573730e-01
7.086371779441833496e-01,6.000000238418579102e-01
6.508561372756958008e-01,6.600000262260437012e-01
6.454389095306396484e-01,6.200000047683715820e-01
5.929545760154724121e-01,7.599999904632568359e-01
6.185112595558166504e-01,6.800000071525573730e-01
6.454654335975646973e-01,6.399999856948852539e-01
6.323167681694030762e-01,6.600000262260437012e-01
6.318405866622924805e-01,6.600000262260437012e-01
5.797485709190368652e-01,8.000000119209289551e-01
5.925816893577575684e-01,7.599999904632568359e-01
6.545719504356384277e-01,7.200000286102294922e-01
6.478204131126403809e-01,6.399999856948852539e-01
6.441313624382019043e-01,6.000000238418579102e-01
5.371536016464233398e-01,8.600000143051147461e-01
5.863300561904907227e-01,7.400000095367431641e-01
6.333572864532470703e-01,6.200000047683715820e-01
6.826095581054687500e-01,6.000000238418579102e-01
6.118362545967102051e-01,6.999999880790710449e-01
6.560576558113098145e-01,6.800000071525573730e-01
5.526713728904724121e-01,8.000000119209289551e-01
5.687825679779052734e-01,7.400000095367431641e-01
6.744802594184875488e-01,6.200000047683715820e-01
6.244231462478637695e-01,6.399999856948852539e-01
6.445573568344116211e-01,6.200000047683715820e-01
5.571203231811523438e-01,8.399999737739562988e-01
5.876771211624145508e-01,7.200000286102294922e-01
6.531892418861389160e-01,7.200000286102294922e-01
6.195362806320190430e-01,6.600000262260437012e-01
6.499346494674682617e-01,6.200000047683715820e-01
5.264245867729187012e-01,8.399999737739562988e-01
5.984304547309875488e-01,7.599999904632568359e-01
5.786463022232055664e-01,7.400000095367431641e-01
7.288563251495361328e-01,6.000000238418579102e-01
5.767043232917785645e-01,7.200000286102294922e-01
6.334536075592041016e-01,7.200000286102294922e-01
5.528874397277832031e-01,7.599999904632568359e-01
6.535464525222778320e-01,6.000000238418579102e-01
6.347833871841430664e-01,6.999999880790710449e-01
6.086971759796142578e-01,6.399999856948852539e-01
6.506439447402954102e-01,6.999999880790710449e-01
5.254683494567871094e-01,8.199999928474426270e-01
6.255918741226196289e-01,6.000000238418579102e-01
7.190127372741699219e-01,6.999999880790710449e-01
6.647548079490661621e-01,6.800000071525573730e-01
6.824484467506408691e-01,6.399999856948852539e-01
5.020168423652648926e-01,8.199999928474426270e-01
6.782361268997192383e-01,6.399999856948852539e-01
5.492586493492126465e-01,7.799999713897705078e-01
7.549887299537658691e-01,6.000000238418579102e-01
6.333373785018920898e-01,6.399999856948852539e-01
6.321911215782165527e-01,6.800000071525573730e-01
6.362959146499633789e-01,6.600000262260437012e-01
6.933013796806335449e-01,5.199999809265136719e-01
6.651070713996887207e-01,6.800000071525573730e-01
7.050491571426391602e-01,4.600000083446502686e-01
6.731529831886291504e-01,6.600000262260437012e-01
7.101625800132751465e-01,6.200000047683715820e-01
6.493672728538513184e-01,6.399999856948852539e-01
6.948546171188354492e-01,5.400000214576721191e-01
6.628333926200866699e-01,6.200000047683715820e-01
6.602590084075927734e-01,6.800000071525573730e-01
6.406694054603576660e-01,7.200000286102294922e-01
6.065849065780639648e-01,6.999999880790710449e-01
6.979606151580810547e-01,5.799999833106994629e-01
7.648500800132751465e-01,5.799999833106994629e-01
6.573054194450378418e-01,6.399999856948852539e-01
6.484115719795227051e-01,6.999999880790710449e-01
6.138343214988708496e-01,6.999999880790710449e-01
6.388329267501831055e-01,7.200000286102294922e-01
7.237369418144226074e-01,5.199999809265136719e-01
6.791693568229675293e-01,6.200000047683715820e-01
6.728424429893493652e-01,6.200000047683715820e-01
6.180329918861389160e-01,7.599999904632568359e-01
6.231945753097534180e-01,7.599999904632568359e-01
7.095220685005187988e-01,5.400000214576721191e-01
6.611307859420776367e-01,6.800000071525573730e-01
6.809296011924743652e-01,5.799999833106994629e-01
6.049430966377258301e-01,7.799999713897705078e-01
6.046163439750671387e-01,7.799999713897705078e-01
6.760281324386596680e-01,6.200000047683715820e-01
7.178232073783874512e-01,6.000000238418579102e-01
6.438876986503601074e-01,6.399999856948852539e-01
6.407290101051330566e-01,6.600000262260437012e-01
6.127786040306091309e-01,6.999999880790710449e-01
6.358451247215270996e-01,6.999999880790710449e-01
7.202747464179992676e-01,5.400000214576721191e-01
6.548309922218322754e-01,6.200000047683715820e-01
6.659223437309265137e-01,6.600000262260437012e-01
6.396520137786865234e-01,6.800000071525573730e-01
6.041676402091979980e-01,7.400000095367431641e-01
7.097644209861755371e-01,5.400000214576721191e-01
6.422478556632995605e-01,6.600000262260437012e-01
6.601405739784240723e-01,6.399999856948852539e-01
6.113212704658508301e-01,6.800000071525573730e-01
6.182243227958679199e-01,6.999999880790710449e-01
7.087513208389282227e-01,5.799999833106994629e-01
6.615183949470520020e-01,6.600000262260437012e-01
6.564869284629821777e-01,6.200000047683715820e-01
6.216882467269897461e-01,6.800000071525573730e-01
6.271520256996154785e-01,6.800000071525573730e-01
6.348398923873901367e-01,6.800000071525573730e-01
6.913573741912841797e-01,6.200000047683715820e-01
6.566201448440551758e-01,6.200000047683715820e-01
6.564220190048217773e-01,6.399999856948852539e-01
6.301385760307312012e-01,6.999999880790710449e-01
6.075649857521057129e-01,7.200000286102294922e-01
7.046788334846496582e-01,5.600000023841857910e-01
6.474851965904235840e-01,6.399999856948852539e-01
6.501095890998840332e-01,6.800000071525573730e-01
6.013981699943542480e-01,6.800000071525573730e-01
6.382250785827636719e-01,6.800000071525573730e-01
6.892889142036437988e-01,6.000000238418579102e-01
6.592575311660766602e-01,6.600000262260437012e-01
6.771864891052246094e-01,6.000000238418579102e-01
5.838477611541748047e-01,7.200000286102294922e-01
6.254307627677917480e-01,6.800000071525573730e-01
6.333566904067993164e-01,6.800000071525573730e-01
6.676200032234191895e-01,6.399999856948852539e-01
6.696577668190002441e-01,6.200000047683715820e-01
6.515477895736694336e-01,6.600000262260437012e-01
6.052587032318115234e-01,7.200000286102294922e-01
6.236463785171508789e-01,6.999999880790710449e-01
6.935435533523559570e-01,5.799999833106994629e-01
6.546715497970581055e-01,6.200000047683715820e-01
6.430776715278625488e-01,6.999999880790710449e-01
6.125630140304565430e-01,6.600000262260437012e-01
6.233642101287841797e-01,6.999999880790710449e-01
6.857285499572753906e-01,5.799999833106994629e-01
6.582545638084411621e-01,6.800000071525573730e-01
6.853461265563964844e-01,6.000000238418579102e-01
5.575346946716308594e-01,7.599999904632568359e-01
6.201680898666381836e-01,6.800000071525573730e-01
6.480692625045776367e-01,6.399999856948852539e-01
6.892217397689819336e-01,6.200000047683715820e-01
6.511554718017578125e-01,6.399999856948852539e-01
6.316950917243957520e-01,6.999999880790710449e-01
6.067004799842834473e-01,6.999999880790710449e-01
6.165664196014404297e-01,6.800000071525573730e-01
7.006515264511108398e-01,6.000000238418579102e-01
6.641271710395812988e-01,6.200000047683715820e-01
6.335324048995971680e-01,7.200000286102294922e-01
6.095401644706726074e-01,6.800000071525573730e-01
6.418768763542175293e-01,6.600000262260437012e-01
6.643883585929870605e-01,6.200000047683715820e-01
6.699644923210144043e-01,6.399999856948852539e-01
6.710547208786010742e-01,6.399999856948852539e-01
5.535570979118347168e-01,7.799999713897705078e-01
6.143579483032226562e-01,6.800000071525573730e-01
6.570056676864624023e-01,6.399999856948852539e-01
6.776666641235351562e-01,6.200000047683715820e-01
6.514259576797485352e-01,6.600000262260437012e-01
6.299281716346740723e-01,6.800000071525573730e-01
6.156257390975952148e-01,6.999999880790710449e-01
6.004002094268798828e-01,6.999999880790710449e-01
6.980525851249694824e-01,6.000000238418579102e-01
6.623299121856689453e-01,6.399999856948852539e-01
6.553833484649658203e-01,6.800000071525573730e-01
5.823386907577514648e-01,7.200000286102294922e-01
6.334137916564941406e-01,6.999999880790710449e-01
6.841304302215576172e-01,6.000000238418579102e-01
6.530304551124572754e-01,6.600000262260437012e-01
6.797173023223876953e-01,6.399999856948852539e-01
5.442617535591125488e-01,7.799999713897705078e-01
6.242610216140747070e-01,6.600000262260437012e-01
6.650382876396179199e-01,6.000000238418579102e-01
6.946642398834228516e-01,6.200000047683715820e-01
6.395220160484313965e-01,6.399999856948852539e-01
6.415360569953918457e-01,6.600000262260437012e-01
5.941676497459411621e-01,7.400000095367431641e-01
6.230025291442871094e-01,6.800000071525573730e-01
6.857004165649414062e-01,6.200000047683715820e-01
6.405430436134338379e-01,6.399999856948852539e-01
6.757037639617919922e-01,6.600000262260437012e-01
5.652345418930053711e-01,7.799999713897705078e-01
6.453996300697326660e-01,6.600000262260437012e-01
6.749418973922729492e-01,6.200000047683715820e-01
6.291805505752563477e-01,6.800000071525573730e-01
6.716227531433105469e-01,6.399999856948852539e-01
5.465096235275268555e-01,8.000000119209289551e-01
6.289482712745666504e-01,6.399999856948852539e-01
6.625444889068603516e-01,6.000000238418579102e-01
6.943095922470092773e-01,6.200000047683715820e-01
6.519203782081604004e-01,6.600000262260437012e-01
6.335577964782714844e-01,6.800000071525573730e-01
5.990580320358276367e-01,6.800000071525573730e-01
6.114652156829833984e-01,6.600000262260437012e-01
6.788275837898254395e-01,6.600000262260437012e-01
6.760805845260620117e-01,6.000000238418579102e-01
6.556872129440307617e-01,6.800000071525573730e-01
5.861133933067321777e-01,7.400000095367431641e-01
6.064131855964660645e-01,6.999999880790710449e-01
6.748802661895751953e-01,5.799999833106994629e-01
6.313257813453674316e-01,6.800000071525573730e-01
6.581716537475585938e-01,6.999999880790710449e-01
5.760700106620788574e-01,7.799999713897705078e-01
6.092716455459594727e-01,6.999999880790710449e-01
6.546754837036132812e-01,6.399999856948852539e-01
6.778869628906250000e-01,6.600000262260437012e-01
6.426712870597839355e-01,6.399999856948852539e-01
6.290422081947326660e-01,6.999999880790710449e-01
5.961626172065734863e-01,6.800000071525573730e-01
6.045091152191162109e-01,6.399999856948852539e-01
7.079487442970275879e-01,6.000000238418579102e-01
6.515019536018371582e-01,6.399999856948852539e-01
6.551133990287780762e-01,6.800000071525573730e-01
5.925140380859375000e-01,7.200000286102294922e-01
6.167311072349548340e-01,6.800000071525573730e-01
6.594025492668151855e-01,6.200000047683715820e-01
6.292622089385986328e-01,6.800000071525573730e-01
6.556501388549804688e-01,7.200000286102294922e-01
5.700263977050781250e-01,7.599999904632568359e-01
6.159584522247314453e-01,6.999999880790710449e-01
6.382322311401367188e-01,6.600000262260437012e-01
6.958043575286865234e-01,6.399999856948852539e-01
6.154602169990539551e-01,6.800000071525573730e-01
6.175004243850708008e-01,6.600000262260437012e-01
6.052115559577941895e-01,6.999999880790710449e-01
6.102194786071777344e-01,6.399999856948852539e-01
6.799294352531433105e-01,6.200000047683715820e-01
6.344566345214843750e-01,6.600000262260437012e-01
6.647884249687194824e-01,6.399999856948852539e-01
6.006975173950195312e-01,6.999999880790710449e-01
6.101803779602050781e-01,6.999999880790710449e-01
6.508675217628479004e-01,6.000000238418579102e-01
6.172740459442138672e-01,6.800000071525573730e-01
6.421106457710266113e-01,7.400000095367431641e-01
5.681936144828796387e-01,7.599999904632568359e-01
6.108739972114562988e-01,7.200000286102294922e-01
6.780524253845214844e-01,6.600000262260437012e-01
6.229550242424011230e-01,6.800000071525573730e-01
6.447249054908752441e-01,6.999999880790710449e-01
5.795149803161621094e-01,7.400000095367431641e-01
6.199082732200622559e-01,6.800000071525573730e-01
5.975120663642883301e-01,6.399999856948852539e-01
6.714228391647338867e-01,6.200000047683715820e-01
6.323752999305725098e-01,6.399999856948852539e-01
6.618674993515014648e-01,6.000000238418579102e-01
5.954107642173767090e-01,6.999999880790710449e-01
6.003196835517883301e-01,6.999999880790710449e-01
6.333558559417724609e-01,6.600000262260437012e-01
6.157944798469543457e-01,6.200000047683715820e-01
6.270737648010253906e-01,6.999999880790710449e-01
5.684947371482849121e-01,7.200000286102294922e-01
6.084598898887634277e-01,6.800000071525573730e-01
6.824517250061035156e-01,6.800000071525573730e-01
6.287635564804077148e-01,6.800000071525573730e-01
6.664726138114929199e-01,6.999999880790710449e-01
5.322582125663757324e-01,8.000000119209289551e-01
6.184992790222167969e-01,6.600000262260437012e-01
5.903387069702148438e-01,6.399999856948852539e-01
6.494531035423278809e-01,6.600000262260437012e-01
6.280132532119750977e-01,6.200000047683715820e-01
6.862804293632507324e-01,6.000000238418579102e-01
5.823078155517578125e-01,6.999999880790710449e-01
6.067513227462768555e-01,6.800000071525573730e-01
6.385974287986755371e-01,6.600000262260437012e-01
6.268900632858276367e-01,6.600000262260437012e-01
6.137934923171997070e-01,7.200000286102294922e-01
5.912166237831115723e-01,6.999999880790710449e-01
5.558223128318786621e-01,7.599999904632568359e-01
6.821476817131042480e-01,6.600000262260437012e-01
6.455830335617065430e-01,6.600000262260437012e-01
6.945414543151855469e-01,6.600000262260437012e-01
5.037882328033447266e-01,8.000000119209289551e-01
6.047553420066833496e-01,6.600000262260437012e-01
5.905658006668090820e-01,6.200000047683715820e-01
6.538901925086975098e-01,6.600000262260437012e-01
6.003867983818054199e-01,6.800000071525573730e-01
6.940619945526123047e-01,5.799999833106994629e-01
5.963327884674072266e-01,6.600000262260437012e-01
6.068468093872070312e-01,6.600000262260437012e-01
6.472505927085876465e-01,6.200000047683715820e-01
6.347540020942687988e-01,6.399999856948852539e-01
6.141889095306396484e-01,7.200000286102294922e-01
5.574898719787597656e-01,8.199999928474426270e-01
5.765068531036376953e-01,7.200000286102294922e-01
6.765588521957397461e-01,6.600000262260437012e-01
6.495966911315917969e-01,6.399999856948852539e-01
6.812849044799804688e-01,6.999999880790710449e-01
4.948337674140930176e-01,8.199999928474426270e-01
6.342771649360656738e-01,6.200000047683715820e-01
6.024902462959289551e-01,6.800000071525573730e-01
6.487610340118408203e-01,6.800000071525573730e-01
5.941298007965087891e-01,6.600000262260437012e-01
6.983015537261962891e-01,5.600000023841857910e-01
5.780537724494934082e-01,6.999999880790710449e-01
5.644464492797851562e-01,7.200000286102294922e-01
6.461215615272521973e-01,6.399999856948852539e-01
6.374297738075256348e-01,6.600000262260437012e-01
6.402481794357299805e-01,6.800000071525573730e-01
5.420061349868774414e-01,7.599999904632568359e-01
5.571080446243286133e-01,7.400000095367431641e-01
7.187570929527282715e-01,6.600000262260437012e-01
6.279378533363342285e-01,6.600000262260437012e-01
6.701635122299194336e-01,6.800000071525573730e-01
5.009531974792480469e-01,7.799999713897705078e-01
6.298016309738159180e-01,6.200000047683715820e-01
5.759624838829040527e-01,6.999999880790710449e-01
6.631770730018615723e-01,6.399999856948852539e-01
5.674752593040466309e-01,7.200000286102294922e-01
7.057007551193237305e-01,5.799999833106994629e-01
5.512248277664184570e-01,7.200000286102294922e-01
5.689523220062255859e-01,6.800000071525573730e-01
6.584188342094421387e-01,6.600000262260437012e-01
6.281290054321289062e-01,6.999999880790710449e-01
6.490332484245300293e-01,6.800000071525573730e-01
4.963895380496978760e-01,8.600000143051147461e-01
5.728770494461059570e-01,7.599999904632568359e-01
7.286533117294311523e-01,6.399999856948852539e-01
5.972318649291992188e-01,6.600000262260437012e-01
6.745854020118713379e-01,7.200000286102294922e-01
5.274625420570373535e-01,7.799999713897705078e-01
6.631219387054443359e-01,5.799999833106994629e-01
5.474813580513000488e-01,7.799999713897705078e-01
6.858396530151367188e-01,6.999999880790710449e-01
5.733093619346618652e-01,6.800000071525573730e-01
6.925297975540161133e-01,6.399999856948852539e-01
5.607520341873168945e-01,7.400000095367431641e-01
5.628874897956848145e-01,7.200000286102294922e-01
6.539621353149414062e-01,6.399999856948852539e-01
6.708418726921081543e-01,6.399999856948852539e-01
6.251196861267089844e-01,7.599999904632568359e-01
5.278770923614501953e-01,7.799999713897705078e-01
5.398121476173400879e-01,7.599999904632568359e-01
6.910313367843627930e-01,6.200000047683715820e-01
6.167840361595153809e-01,6.999999880790710449e-01
6.425442099571228027e-01,7.400000095367431641e-01
5.216163396835327148e-01,7.400000095367431641e-01
6.092497706413269043e-01,6.399999856948852539e-01
5.654785633087158203e-01,7.400000095367431641e-01
6.599274873733520508e-01,6.800000071525573730e-01
5.612717866897583008e-01,7.200000286102294922e-01
6.836572289466857910e-01,6.399999856948852539e-01
5.601813793182373047e-01,7.200000286102294922e-01
5.295106172561645508e-01,7.200000286102294922e-01
6.834694743156433105e-01,6.000000238418579102e-01
6.133029460906982422e-01,6.600000262260437012e-01
7.413960099220275879e-01,5.799999833106994629e-01
5.657313466072082520e-01,7.200000286102294922e-01
5.833204984664916992e-01,6.800000071525573730e-01
6.479647755622863770e-01,6.399999856948852539e-01
5.834591984748840332e-01,7.200000286102294922e-01
6.321457624435424805e-01,7.200000286102294922e-01
5.890640616416931152e-01,7.200000286102294922e-01
6.267204880714416504e-01,6.999999880790710449e-01
5.967578887939453125e-01,7.200000286102294922e-01
6.585133075714111328e-01,6.399999856948852539e-01
6.205037236213684082e-01,7.400000095367431641e-01
6.124730110168457031e-01,6.800000071525573730e-01
5.935773849487304688e-01,6.999999880790710449e-01
5.723703503608703613e-01,7.200000286102294922e-01
6.745293140411376953e-01,6.399999856948852539e-01
6.187780499458312988e-01,6.800000071525573730e-01
6.841779947280883789e-01,5.400000214576721191e-01
5.712224841117858887e-01,7.400000095367431641e-01
5.739725828170776367e-01,7.599999904632568359e-01
6.162977814674377441e-01,6.800000071525573730e-01
6.004445552825927734e-01,6.600000262260437012e-01
6.376162767410278320e-01,7.200000286102294922e-01
5.807250738143920898e-01,6.800000071525573730e-01
5.816314816474914551e-01,7.200000286102294922e-01
6.644269824028015137e-01,6.800000071525573730e-01
6.089035272598266602e-01,6.999999880790710449e-01
6.301629543304443359e-01,6.000000238418579102e-01
5.668628811836242676e-01,7.400000095367431641e-01
5.843395590782165527e-01,7.200000286102294922e-01
5.632964968681335449e-01,7.200000286102294922e-01
6.562575101852416992e-01,6.200000047683715820e-01
5.777888894081115723e-01,7.200000286102294922e-01
6.578164696693420410e-01,6.800000071525573730e-01
6.042639017105102539e-01,6.800000071525573730e-01
5.789350867271423340e-01,7.400000095367431641e-01
6.261087656021118164e-01,6.399999856948852539e-01
5.990244150161743164e-01,6.999999880790710449e-01
6.349447965621948242e-01,7.200000286102294922e-01
5.244496464729309082e-01,7.599999904632568359e-01
5.704727768898010254e-01,7.200000286102294922e-01
6.745046973228454590e-01,6.800000071525573730e-01
6.237923502922058105e-01,6.800000071525573730e-01
6.244120597839355469e-01,6.600000262260437012e-01
5.525519847869873047e-01,7.400000095367431641e-01
5.997771620750427246e-01,6.800000071525573730e-01
5.533514618873596191e-01,7.799999713897705078e-01
6.288108825683593750e-01,6.200000047683715820e-01
5.702492594718933105e-01,7.400000095367431641e-01
6.737905740737915039e-01,6.600000262260437012e-01
5.693877339363098145e-01,7.599999904632568359e-01
5.448356866836547852e-01,7.400000095367431641e-01
6.540539860725402832e-01,6.399999856948852539e-01
6.354353427886962891e-01,6.399999856948852539e-01
6.192396879196166992e-01,7.200000286102294922e-01
5.292259454727172852e-01,8.199999928474426270e-01
5.141757130622863770e-01,8.000000119209289551e-01
7.413814067840576172e-01,6.800000071525573730e-01
5.987210273742675781e-01,6.999999880790710449e-01
6.532185077667236328e-01,6.999999880790710449e-01
5.227364301681518555e-01,7.200000286102294922e-01
6.187688112258911133e-01,6.999999880790710449e-01
5.555679202079772949e-01,8.000000119209289551e-01
6.367065906524658203e-01,6.399999856948852539e-01
5.662829279899597168e-01,7.400000095367431641e-01
7.005850076675415039e-01,5.799999833106994629e-01
5.714573860168457031e-01,7.400000095367431641e-01
5.526540875434875488e-01,7.400000095367431641e-01
6.442976593971252441e-01,6.800000071525573730e-01
6.380585432052612305e-01,6.600000262260437012e-01
6.027888655662536621e-01,7.400000095367431641e-01
5.448333024978637695e-01,8.000000119209289551e-01
5.240387916564941406e-01,7.799999713897705078e-01
6.519121527671813965e-01,6.800000071525573730e-01
6.411534547805786133e-01,6.600000262260437012e-01
7.161217331886291504e-01,6.800000071525573730e-01
4.921323359012603760e-01,8.399999737739562988e-01
6.114099621772766113e-01,6.399999856948852539e-01
5.755577087402343750e-01,7.200000286102294922e-01
6.650158762931823730e-01,6.800000071525573730e-01
5.739891529083251953e-01,6.800000071525573730e-01
6.928602457046508789e-01,5.799999833106994629e-01
6.058055758476257324e-01,6.800000071525573730e-01
5.489351153373718262e-01,7.599999904632568359e-01
6.205624938011169434e-01,6.800000071525573730e-01
6.284189820289611816e-01,6.600000262260437012e-01
6.351675391197204590e-01,7.200000286102294922e-01
5.236117839813232422e-01,8.199999928474426270e-01
5.324690341949462891e-01,7.799999713897705078e-01
7.290577888488769531e-01,6.399999856948852539e-01
6.318863034248352051e-01,6.999999880790710449e-01
6.851711273193359375e-01,6.600000262260437012e-01
4.716795086860656738e-01,8.199999928474426270e-01
6.137120127677917480e-01,6.200000047683715820e-01
5.561237931251525879e-01,7.400000095367431641e-01
6.619893312454223633e-01,6.200000047683715820e-01
5.531333088874816895e-01,7.599999904632568359e-01
7.087343931198120117e-01,5.799999833106994629e-01
5.656902790069580078e-01,6.999999880790710449e-01
5.800794363021850586e-01,7.200000286102294922e-01
6.303092837333679199e-01,6.800000071525573730e-01
6.115884184837341309e-01,6.999999880790710449e-01
6.650903224945068359e-01,6.999999880790710449e-01
5.098256468772888184e-01,8.000000119209289551e-01
5.873563885688781738e-01,6.999999880790710449e-01
6.620789170265197754e-01,6.800000071525573730e-01
5.944429039955139160e-01,7.400000095367431641e-01
6.210281252861022949e-01,6.399999856948852539e-01
5.460454821586608887e-01,7.599999904632568359e-01
6.058291196823120117e-01,6.399999856948852539e-01
5.359827876091003418e-01,7.799999713897705078e-01
6.445426344871520996e-01,5.400000214576721191e-01
5.959287881851196289e-01,7.400000095367431641e-01
6.134250164031982422e-01,6.800000071525573730e-01
5.286408066749572754e-01,7.599999904632568359e-01
5.339177846908569336e-01,7.799999713897705078e-01
6.574985384941101074e-01,6.399999856948852539e-01
6.461862325668334961e-01,6.000000238418579102e-01
6.293746232986450195e-01,6.800000071525573730e-01
5.542632937431335449e-01,7.400000095367431641e-01
5.152844786643981934e-01,7.599999904632568359e-01
6.315262317657470703e-01,6.200000047683715820e-01
6.044465303421020508e-01,6.399999856948852539e-01
6.967867612838745117e-01,6.999999880790710449e-01
5.265290141105651855e-01,7.799999713897705078e-01
6.418953537940979004e-01,6.800000071525573730e-01
5.569913387298583984e-01,7.799999713897705078e-01
7.156703472137451172e-01,6.399999856948852539e-01
5.934177041053771973e-01,6.800000071525573730e-01
6.902351975440979004e-01,6.399999856948852539e-01
5.925433039665222168e-01,6.800000071525573730e-01
5.693157911300659180e-01,7.599999904632568359e-01
6.667015552520751953e-01,6.000000238418579102e-01
6.433936953544616699e-01,6.800000071525573730e-01
6.523738503456115723e-01,7.400000095367431641e-01
5.439242124557495117e-01,7.799999713897705078e-01
5.453435182571411133e-01,7.400000095367431641e-01
6.541492938995361328e-01,6.999999880790710449e-01
6.359600424766540527e-01,6.800000071525573730e-01
6.533603072166442871e-01,5.400000214576721191e-01
5.337738990783691406e-01,7.799999713897705078e-01
5.509711503982543945e-01,7.400000095367431641e-01
5.889037251472473145e-01,6.999999880790710449e-01
6.367884278297424316e-01,6.000000238418579102e-01
5.578584671020507812e-01,7.799999713897705078e-01
6.676956415176391602e-01,6.600000262260437012e-01
5.381758809089660645e-01,7.599999904632568359e-01
5.232576727867126465e-01,7.599999904632568359e-01
6.529244184494018555e-01,6.200000047683715820e-01
5.932092666625976562e-01,6.600000262260437012e-01
6.573848724365234375e-01,6.600000262260437012e-01
5.674200654029846191e-01,7.400000095367431641e-01
5.094147324562072754e-01,8.000000119209289551e-01
6.080996990203857422e-01,6.600000262260437012e-01
6.013299822807312012e-01,7.200000286102294922e-01
6.042840480804443359e-01,7.599999904632568359e-01
5.588334202766418457e-01,7.400000095367431641e-01
5.369930267333984375e-01,7.799999713897705078e-01
6.426992416381835938e-01,6.800000071525573730e-01
6.054074764251708984e-01,6.999999880790710449e-01
6.991488933563232422e-01,6.600000262260437012e-01
5.713873505592346191e-01,7.599999904632568359e-01
7.345933914184570312e-01,6.999999880790710449e-01
1.564282417297363281e+00,4.799999892711639404e-01
1.427178740501403809e+00,5.199999809265136719e-01
1.293709993362426758e+00,5.799999833106994629e-01
1.664958357810974121e+00,4.199999868869781494e-01
1.152209877967834473e+00,5.600000023841857910e-01
1.253691911697387695e+00,4.799999892711639404e-01
1.158406853675842285e+00,4.799999892711639404e-01
8.630127906799316406e-01,6.000000238418579102e-01
9.701377153396606445e-01,5.000000000000000000e-01
8.648586273193359375e-01,5.199999809265136719e-01
8.314765691757202148e-01,5.400000214576721191e-01
8.651572465896606445e-01,4.399999976158142090e-01
7.190545201301574707e-01,6.200000047683715820e-01
8.791457414627075195e-01,4.399999976158142090e-01
7.113207578659057617e-01,5.400000214576721191e-01
6.317034363746643066e-01,6.800000071525573730e-01
7.852152585983276367e-01,5.400000214576721191e-01
9.539536833763122559e-01,5.600000023841857910e-01
1.018850922584533691e+00,5.199999809265136719e-01
1.015700817108154297e+00,5.600000023841857910e-01
1.000717282295227051e+00,5.000000000000000000e-01
9.677783846855163574e-01,5.400000214576721191e-01
8.358963727951049805e-01,5.799999833106994629e-01
9.485828876495361328e-01,4.399999976158142090e-01
8.166577219963073730e-01,5.199999809265136719e-01
7.067480683326721191e-01,5.000000000000000000e-01
7.781110405921936035e-01,5.400000214576721191e-01
6.952641606330871582e-01,5.799999833106994629e-01
7.645322084426879883e-01,5.199999809265136719e-01
7.848616242408752441e-01,5.199999809265136719e-01
6.606007218360900879e-01,6.600000262260437012e-01
6.662315726280212402e-01,6.600000262260437012e-01
7.386775612831115723e-01,5.199999809265136719e-01
7.225012779235839844e-01,5.600000023841857910e-01
7.137627005577087402e-01,5.799999833106994629e-01
7.384990453720092773e-01,5.000000000000000000e-01
6.697901487350463867e-01,6.399999856948852539e-01
7.167949676513671875e-01,5.199999809265136719e-01
7.153629064559936523e-01,5.600000023841857910e-01
7.205874919891357422e-01,5.400000214576721191e-01
7.204099297523498535e-01,5.600000023841857910e-01
6.756693124771118164e-01,6.200000047683715820e-01
7.091395258903503418e-01,5.600000023841857910e-01
6.989825367927551270e-01,6.200000047683715820e-01
7.209030389785766602e-01,5.400000214576721191e-01
7.365927696228027344e-01,5.400000214576721191e-01
6.473884582519531250e-01,7.200000286102294922e-01
6.633386611938476562e-01,6.600000262260437012e-01
7.096103429794311523e-01,6.399999856948852539e-01
7.181463241577148438e-01,5.199999809265136719e-01
7.115004062652587891e-01,5.400000214576721191e-01
6.970092654228210449e-01,5.799999833106994629e-01
6.708943247795104980e-01,6.200000047683715820e-01
6.788723468780517578e-01,6.999999880790710449e-01
7.024930119514465332e-01,5.199999809265136719e-01
7.312773466110229492e-01,4.600000083446502686e-01
7.120374441146850586e-01,5.400000214576721191e-01
6.436725854873657227e-01,6.999999880790710449e-01
6.920225024223327637e-01,6.399999856948852539e-01
6.932635903358459473e-01,5.400000214576721191e-01
7.102243304252624512e-01,5.400000214576721191e-01
7.453604340553283691e-01,4.799999892711639404e-01
6.270236968994140625e-01,7.400000095367431641e-01
6.583510637283325195e-01,6.600000262260437012e-01
6.907263398170471191e-01,6.000000238418579102e-01
7.328584790229797363e-01,4.600000083446502686e-01
7.160260677337646484e-01,5.000000000000000000e-01
6.798954010009765625e-01,6.200000047683715820e-01
6.584743261337280273e-01,6.999999880790710449e-01
6.746662855148315430e-01,6.600000262260437012e-01
7.109574079513549805e-01,5.000000000000000000e-01
7.149549126625061035e-01,4.799999892711639404e-01
7.153357267379760742e-01,5.600000023841857910e-01
6.273344755172729492e-01,7.599999904632568359e-01
6.914075613021850586e-01,6.399999856948852539e-01
6.955367326736450195e-01,5.400000214576721191e-01
6.994560956954956055e-01,5.600000023841857910e-01
7.318952679634094238e-01,5.400000214576721191e-01
6.211137175559997559e-01,7.200000286102294922e-01
6.649809479713439941e-01,6.800000071525573730e-01
6.800151467323303223e-01,6.200000047683715820e-01
7.298027276992797852e-01,5.600000023841857910e-01
7.055631279945373535e-01,5.400000214576721191e-01
6.697196960449218750e-01,6.399999856948852539e-01
6.458554267883300781e-01,6.800000071525573730e-01
6.684924960136413574e-01,6.999999880790710449e-01
7.100741863250732422e-01,5.400000214576721191e-01
7.168078422546386719e-01,5.400000214576721191e-01
6.947636604309082031e-01,5.799999833106994629e-01
6.311403512954711914e-01,6.999999880790710449e-01
6.687968969345092773e-01,6.999999880790710449e-01
7.054355144500732422e-01,5.199999809265136719e-01
6.883742809295654297e-01,6.200000047683715820e-01
7.108952403068542480e-01,5.799999833106994629e-01
6.340298652648925781e-01,7.200000286102294922e-01
6.423225998878479004e-01,6.600000262260437012e-01
6.707552671432495117e-01,6.600000262260437012e-01
7.300816774368286133e-01,5.600000023841857910e-01
6.909494400024414062e-01,6.200000047683715820e-01
6.579778194427490234e-01,6.999999880790710449e-01
6.348801255226135254e-01,6.999999880790710449e-01
6.558376550674438477e-01,7.400000095367431641e-01
7.072426080703735352e-01,5.799999833106994629e-01
7.042328119277954102e-01,5.799999833106994629e-01
6.975106000900268555e-01,6.000000238418579102e-01
6.177746057510375977e-01,7.599999904632568359e-01
6.477466821670532227e-01,7.400000095367431641e-01
6.994878649711608887e-01,5.799999833106994629e-01
6.816821098327636719e-01,5.799999833106994629e-01
7.006970047950744629e-01,6.000000238418579102e-01
6.028093099594116211e-01,8.199999928474426270e-01
6.279492974281311035e-01,7.200000286102294922e-01
6.847792267799377441e-01,6.000000238418579102e-01
7.270165681838989258e-01,5.799999833106994629e-01
6.690819263458251953e-01,6.000000238418579102e-01
6.411719322204589844e-01,6.999999880790710449e-01
6.233867406845092773e-01,7.400000095367431641e-01
6.466171145439147949e-01,6.999999880790710449e-01
7.135018110275268555e-01,5.799999833106994629e-01
6.902197003364562988e-01,6.000000238418579102e-01
6.770191788673400879e-01,6.200000047683715820e-01
6.442109942436218262e-01,6.999999880790710449e-01
6.379521489143371582e-01,6.800000071525573730e-01
7.037445306777954102e-01,5.799999833106994629e-01
6.824771165847778320e-01,6.399999856948852539e-01
6.838601231575012207e-01,5.799999833106994629e-01
6.300578117370605469e-01,7.200000286102294922e-01
6.413972377777099609e-01,7.200000286102294922e-01
7.134147286415100098e-01,5.400000214576721191e-01
6.832162737846374512e-01,6.200000047683715820e-01
6.943679451942443848e-01,5.600000023841857910e-01
6.246314048767089844e-01,6.999999880790710449e-01
6.206997632980346680e-01,7.400000095367431641e-01
6.563780307769775391e-01,6.399999856948852539e-01
7.154616117477416992e-01,5.799999833106994629e-01
6.689948439598083496e-01,6.200000047683715820e-01
6.905886530876159668e-01,5.799999833106994629e-01
6.367082595825195312e-01,6.999999880790710449e-01
6.492339372634887695e-01,6.600000262260437012e-01
6.993240714073181152e-01,6.000000238418579102e-01
6.637679934501647949e-01,6.399999856948852539e-01
6.863765716552734375e-01,5.799999833106994629e-01
6.153210997581481934e-01,7.200000286102294922e-01
6.544127464294433594e-01,6.600000262260437012e-01
6.803745627403259277e-01,6.000000238418579102e-01
6.916683316230773926e-01,6.000000238418579102e-01
6.991989016532897949e-01,5.600000023841857910e-01
5.966008901596069336e-01,7.400000095367431641e-01
6.224805712699890137e-01,7.599999904632568359e-01
6.650492548942565918e-01,6.399999856948852539e-01
6.963852047920227051e-01,6.000000238418579102e-01
6.861009597778320312e-01,5.400000214576721191e-01
6.697822213172912598e-01,6.200000047683715820e-01
6.168345808982849121e-01,7.599999904632568359e-01
6.360096931457519531e-01,6.600000262260437012e-01
6.815742850303649902e-01,6.000000238418579102e-01
6.881210803985595703e-01,6.000000238418579102e-01
6.656997799873352051e-01,6.000000238418579102e-01
6.202228069305419922e-01,7.200000286102294922e-01
6.498731970787048340e-01,6.800000071525573730e-01
6.589704155921936035e-01,6.200000047683715820e-01
6.959348320960998535e-01,6.200000047683715820e-01
6.954939961433410645e-01,5.000000000000000000e-01
5.850108265876770020e-01,7.799999713897705078e-01
6.305889487266540527e-01,7.200000286102294922e-01
6.637569069862365723e-01,6.200000047683715820e-01
7.098578810691833496e-01,5.600000023841857910e-01
6.625930070877075195e-01,6.399999856948852539e-01
6.600040793418884277e-01,6.600000262260437012e-01
6.695759296417236328e-01,6.600000262260437012e-01
6.736208200454711914e-01,6.200000047683715820e-01
6.939769387245178223e-01,5.799999833106994629e-01
6.912233829498291016e-01,6.399999856948852539e-01
7.049931287765502930e-01,5.799999833106994629e-01
6.494596600532531738e-01,6.800000071525573730e-01
6.970068812370300293e-01,6.200000047683715820e-01
6.671655178070068359e-01,6.600000262260437012e-01
7.207062840461730957e-01,5.799999833106994629e-01
7.336475849151611328e-01,5.400000214576721191e-01
5.645809769630432129e-01,7.799999713897705078e-01
6.431913375854492188e-01,6.999999880790710449e-01
6.649805903434753418e-01,6.800000071525573730e-01
7.631914019584655762e-01,5.199999809265136719e-01
6.829805374145507812e-01,6.000000238418579102e-01
7.316253781318664551e-01,5.799999833106994629e-01
6.220276355743408203e-01,7.400000095367431641e-01
6.295316219329833984e-01,6.600000262260437012e-01
7.138507962226867676e-01,5.600000023841857910e-01
6.819820404052734375e-01,6.200000047683715820e-01
6.934819221496582031e-01,5.799999833106994629e-01
5.891311168670654297e-01,8.000000119209289551e-01
6.575042009353637695e-01,6.600000262260437012e-01
6.626993417739868164e-01,6.600000262260437012e-01
6.876087188720703125e-01,6.000000238418579102e-01
6.768318414688110352e-01,5.799999833106994629e-01
5.736496448516845703e-01,7.599999904632568359e-01
6.475386023521423340e-01,6.800000071525573730e-01
6.721819043159484863e-01,6.200000047683715820e-01
7.235013842582702637e-01,5.400000214576721191e-01
6.557720303535461426e-01,6.399999856948852539e-01
6.428409218788146973e-01,7.200000286102294922e-01
6.137200593948364258e-01,7.400000095367431641e-01
6.366838812828063965e-01,6.600000262260437012e-01
6.841927170753479004e-01,6.000000238418579102e-01
6.786613464355468750e-01,6.600000262260437012e-01
7.005786299705505371e-01,6.200000047683715820e-01
6.838064193725585938e-01,6.000000238418579102e-01
7.287819385528564453e-01,5.400000214576721191e-01
6.668458580970764160e-01,6.399999856948852539e-01
7.100933194160461426e-01,6.000000238418579102e-01
7.212290167808532715e-01,6.200000047683715820e-01
6.408656835556030273e-01,7.200000286102294922e-01
